"","string","filename","name"
"1","Abrocoma boliviensis_aoh","E:/data/AOH Data/Mammals_1km_AOH/Mammals/Abrocoma boliviensis_aoh.tif","Abrocoma boliviensis"
"2","Abrothrix sanborni_aoh","E:/data/AOH Data/Mammals_1km_AOH/Mammals/Abrothrix sanborni_aoh.tif","Abrothrix sanborni"
"3","Acinonyx jubatus_aoh","E:/data/AOH Data/Mammals_1km_AOH/Mammals/Acinonyx jubatus_aoh.tif","Acinonyx jubatus"
"4","Addax nasomaculatus_aoh","E:/data/AOH Data/Mammals_1km_AOH/Mammals/Addax nasomaculatus_aoh.tif","Addax nasomaculatus"
"5","Aegialomys galapagoensis_aoh","E:/data/AOH Data/Mammals_1km_AOH/Mammals/Aegialomys galapagoensis_aoh.tif","Aegialomys galapagoensis"
"6","Aepeomys reigi_aoh","E:/data/AOH Data/Mammals_1km_AOH/Mammals/Aepeomys reigi_aoh.tif","Aepeomys reigi"
"7","Akodon siberiae_aoh","E:/data/AOH Data/Mammals_1km_AOH/Mammals/Akodon siberiae_aoh.tif","Akodon siberiae"
"8","Akodon surdus_aoh","E:/data/AOH Data/Mammals_1km_AOH/Mammals/Akodon surdus_aoh.tif","Akodon surdus"
"9","Alouatta belzebul_aoh","E:/data/AOH Data/Mammals_1km_AOH/Mammals/Alouatta belzebul_aoh.tif","Alouatta belzebul"
"10","Alouatta discolor_aoh","E:/data/AOH Data/Mammals_1km_AOH/Mammals/Alouatta discolor_aoh.tif","Alouatta discolor"
"11","Alouatta pigra_aoh","E:/data/AOH Data/Mammals_1km_AOH/Mammals/Alouatta pigra_aoh.tif","Alouatta pigra"
"12","Alouatta ululata_aoh","E:/data/AOH Data/Mammals_1km_AOH/Mammals/Alouatta ululata_aoh.tif","Alouatta ululata"
"13","Ammospermophilus nelsoni_aoh","E:/data/AOH Data/Mammals_1km_AOH/Mammals/Ammospermophilus nelsoni_aoh.tif","Ammospermophilus nelsoni"
"14","Ammotragus lervia_aoh","E:/data/AOH Data/Mammals_1km_AOH/Mammals/Ammotragus lervia_aoh.tif","Ammotragus lervia"
"15","Amorphochilus schnablii_aoh","E:/data/AOH Data/Mammals_1km_AOH/Mammals/Amorphochilus schnablii_aoh.tif","Amorphochilus schnablii"
"16","Anotomys leander_aoh","E:/data/AOH Data/Mammals_1km_AOH/Mammals/Anotomys leander_aoh.tif","Anotomys leander"
"17","Aonyx capensis_aoh","E:/data/AOH Data/Mammals_1km_AOH/Mammals/Aonyx capensis_aoh.tif","Aonyx capensis"
"18","Aotus brumbacki_aoh","E:/data/AOH Data/Mammals_1km_AOH/Mammals/Aotus brumbacki_aoh.tif","Aotus brumbacki"
"19","Aotus griseimembra_aoh","E:/data/AOH Data/Mammals_1km_AOH/Mammals/Aotus griseimembra_aoh.tif","Aotus griseimembra"
"20","Aotus lemurinus_aoh","E:/data/AOH Data/Mammals_1km_AOH/Mammals/Aotus lemurinus_aoh.tif","Aotus lemurinus"
"21","Aotus miconax_aoh","E:/data/AOH Data/Mammals_1km_AOH/Mammals/Aotus miconax_aoh.tif","Aotus miconax"
"22","Aotus nancymaae_aoh","E:/data/AOH Data/Mammals_1km_AOH/Mammals/Aotus nancymaae_aoh.tif","Aotus nancymaae"
"23","Arborimus longicaudus_aoh","E:/data/AOH Data/Mammals_1km_AOH/Mammals/Arborimus longicaudus_aoh.tif","Arborimus longicaudus"
"24","Arborimus pomo_aoh","E:/data/AOH Data/Mammals_1km_AOH/Mammals/Arborimus pomo_aoh.tif","Arborimus pomo"
"25","Arctocebus calabarensis_aoh","E:/data/AOH Data/Mammals_1km_AOH/Mammals/Arctocebus calabarensis_aoh.tif","Arctocebus calabarensis"
"26","Arvicola sapidus_aoh","E:/data/AOH Data/Mammals_1km_AOH/Mammals/Arvicola sapidus_aoh.tif","Arvicola sapidus"
"27","Ateles belzebuth_aoh","E:/data/AOH Data/Mammals_1km_AOH/Mammals/Ateles belzebuth_aoh.tif","Ateles belzebuth"
"28","Ateles chamek_aoh","E:/data/AOH Data/Mammals_1km_AOH/Mammals/Ateles chamek_aoh.tif","Ateles chamek"
"29","Ateles fusciceps_aoh","E:/data/AOH Data/Mammals_1km_AOH/Mammals/Ateles fusciceps_aoh.tif","Ateles fusciceps"
"30","Ateles geoffroyi_aoh","E:/data/AOH Data/Mammals_1km_AOH/Mammals/Ateles geoffroyi_aoh.tif","Ateles geoffroyi"
"31","Ateles hybridus_aoh","E:/data/AOH Data/Mammals_1km_AOH/Mammals/Ateles hybridus_aoh.tif","Ateles hybridus"
"32","Ateles marginatus_aoh","E:/data/AOH Data/Mammals_1km_AOH/Mammals/Ateles marginatus_aoh.tif","Ateles marginatus"
"33","Ateles paniscus_aoh","E:/data/AOH Data/Mammals_1km_AOH/Mammals/Ateles paniscus_aoh.tif","Ateles paniscus"
"34","Atelocynus microtis_aoh","E:/data/AOH Data/Mammals_1km_AOH/Mammals/Atelocynus microtis_aoh.tif","Atelocynus microtis"
"35","Atopogale cubana_aoh","E:/data/AOH Data/Mammals_1km_AOH/Mammals/Atopogale cubana_aoh.tif","Atopogale cubana"
"36","Balantiopteryx infusca_aoh","E:/data/AOH Data/Mammals_1km_AOH/Mammals/Balantiopteryx infusca_aoh.tif","Balantiopteryx infusca"
"37","Balantiopteryx io_aoh","E:/data/AOH Data/Mammals_1km_AOH/Mammals/Balantiopteryx io_aoh.tif","Balantiopteryx io"
"38","Barbastella barbastellus_aoh","E:/data/AOH Data/Mammals_1km_AOH/Mammals/Barbastella barbastellus_aoh.tif","Barbastella barbastellus"
"39","Bassaricyon neblina_aoh","E:/data/AOH Data/Mammals_1km_AOH/Mammals/Bassaricyon neblina_aoh.tif","Bassaricyon neblina"
"40","Bauerus dubiaquercus_aoh","E:/data/AOH Data/Mammals_1km_AOH/Mammals/Bauerus dubiaquercus_aoh.tif","Bauerus dubiaquercus"
"41","Bibimys torresi_aoh","E:/data/AOH Data/Mammals_1km_AOH/Mammals/Bibimys torresi_aoh.tif","Bibimys torresi"
"42","Bison bison_aoh","E:/data/AOH Data/Mammals_1km_AOH/Mammals/Bison bison_aoh.tif","Bison bison"
"43","Blastocerus dichotomus_aoh","E:/data/AOH Data/Mammals_1km_AOH/Mammals/Blastocerus dichotomus_aoh.tif","Blastocerus dichotomus"
"44","Brachyteles arachnoides_aoh","E:/data/AOH Data/Mammals_1km_AOH/Mammals/Brachyteles arachnoides_aoh.tif","Brachyteles arachnoides"
"45","Brachyteles hypoxanthus_aoh","E:/data/AOH Data/Mammals_1km_AOH/Mammals/Brachyteles hypoxanthus_aoh.tif","Brachyteles hypoxanthus"
"46","Bradypus torquatus_aoh","E:/data/AOH Data/Mammals_1km_AOH/Mammals/Bradypus torquatus_aoh.tif","Bradypus torquatus"
"47","Cacajao calvus_aoh","E:/data/AOH Data/Mammals_1km_AOH/Mammals/Cacajao calvus_aoh.tif","Cacajao calvus"
"48","Cacajao hosomi_aoh","E:/data/AOH Data/Mammals_1km_AOH/Mammals/Cacajao hosomi_aoh.tif","Cacajao hosomi"
"49","Caenolestes caniventer_aoh","E:/data/AOH Data/Mammals_1km_AOH/Mammals/Caenolestes caniventer_aoh.tif","Caenolestes caniventer"
"50","Caenolestes condorensis_aoh","E:/data/AOH Data/Mammals_1km_AOH/Mammals/Caenolestes condorensis_aoh.tif","Caenolestes condorensis"
"51","Caenolestes convelatus_aoh","E:/data/AOH Data/Mammals_1km_AOH/Mammals/Caenolestes convelatus_aoh.tif","Caenolestes convelatus"
"52","Caenolestes sangay_aoh","E:/data/AOH Data/Mammals_1km_AOH/Mammals/Caenolestes sangay_aoh.tif","Caenolestes sangay"
"53","Callicebus barbarabrownae_aoh","E:/data/AOH Data/Mammals_1km_AOH/Mammals/Callicebus barbarabrownae_aoh.tif","Callicebus barbarabrownae"
"54","Callicebus coimbrai_aoh","E:/data/AOH Data/Mammals_1km_AOH/Mammals/Callicebus coimbrai_aoh.tif","Callicebus coimbrai"
"55","Callicebus melanochir_aoh","E:/data/AOH Data/Mammals_1km_AOH/Mammals/Callicebus melanochir_aoh.tif","Callicebus melanochir"
"56","Callicebus nigrifrons_aoh","E:/data/AOH Data/Mammals_1km_AOH/Mammals/Callicebus nigrifrons_aoh.tif","Callicebus nigrifrons"
"57","Callicebus personatus_aoh","E:/data/AOH Data/Mammals_1km_AOH/Mammals/Callicebus personatus_aoh.tif","Callicebus personatus"
"58","Callimico goeldii_aoh","E:/data/AOH Data/Mammals_1km_AOH/Mammals/Callimico goeldii_aoh.tif","Callimico goeldii"
"59","Callistomys pictus_aoh","E:/data/AOH Data/Mammals_1km_AOH/Mammals/Callistomys pictus_aoh.tif","Callistomys pictus"
"60","Callithrix aurita_aoh","E:/data/AOH Data/Mammals_1km_AOH/Mammals/Callithrix aurita_aoh.tif","Callithrix aurita"
"61","Callithrix flaviceps_aoh","E:/data/AOH Data/Mammals_1km_AOH/Mammals/Callithrix flaviceps_aoh.tif","Callithrix flaviceps"
"62","Callithrix kuhlii_aoh","E:/data/AOH Data/Mammals_1km_AOH/Mammals/Callithrix kuhlii_aoh.tif","Callithrix kuhlii"
"63","Callospermophilus madrensis_aoh","E:/data/AOH Data/Mammals_1km_AOH/Mammals/Callospermophilus madrensis_aoh.tif","Callospermophilus madrensis"
"64","Canis rufus_aoh","E:/data/AOH Data/Mammals_1km_AOH/Mammals/Canis rufus_aoh.tif","Canis rufus"
"65","Caracal aurata_aoh","E:/data/AOH Data/Mammals_1km_AOH/Mammals/Caracal aurata_aoh.tif","Caracal aurata"
"66","Catagonus wagneri_aoh","E:/data/AOH Data/Mammals_1km_AOH/Mammals/Catagonus wagneri_aoh.tif","Catagonus wagneri"
"67","Cebus kaapori_aoh","E:/data/AOH Data/Mammals_1km_AOH/Mammals/Cebus kaapori_aoh.tif","Cebus kaapori"
"68","Cephalophus dorsalis_aoh","E:/data/AOH Data/Mammals_1km_AOH/Mammals/Cephalophus dorsalis_aoh.tif","Cephalophus dorsalis"
"69","Cephalophus jentinki_aoh","E:/data/AOH Data/Mammals_1km_AOH/Mammals/Cephalophus jentinki_aoh.tif","Cephalophus jentinki"
"70","Cephalophus silvicultor_aoh","E:/data/AOH Data/Mammals_1km_AOH/Mammals/Cephalophus silvicultor_aoh.tif","Cephalophus silvicultor"
"71","Cephalophus zebra_aoh","E:/data/AOH Data/Mammals_1km_AOH/Mammals/Cephalophus zebra_aoh.tif","Cephalophus zebra"
"72","Cercocebus atys_aoh","E:/data/AOH Data/Mammals_1km_AOH/Mammals/Cercocebus atys_aoh.tif","Cercocebus atys"
"73","Cercocebus lunulatus_aoh","E:/data/AOH Data/Mammals_1km_AOH/Mammals/Cercocebus lunulatus_aoh.tif","Cercocebus lunulatus"
"74","Cercocebus torquatus_aoh","E:/data/AOH Data/Mammals_1km_AOH/Mammals/Cercocebus torquatus_aoh.tif","Cercocebus torquatus"
"75","Cercopithecus diana_aoh","E:/data/AOH Data/Mammals_1km_AOH/Mammals/Cercopithecus diana_aoh.tif","Cercopithecus diana"
"76","Cercopithecus erythrogaster_aoh","E:/data/AOH Data/Mammals_1km_AOH/Mammals/Cercopithecus erythrogaster_aoh.tif","Cercopithecus erythrogaster"
"77","Cercopithecus erythrotis_aoh","E:/data/AOH Data/Mammals_1km_AOH/Mammals/Cercopithecus erythrotis_aoh.tif","Cercopithecus erythrotis"
"78","Cercopithecus lowei_aoh","E:/data/AOH Data/Mammals_1km_AOH/Mammals/Cercopithecus lowei_aoh.tif","Cercopithecus lowei"
"79","Cercopithecus roloway_aoh","E:/data/AOH Data/Mammals_1km_AOH/Mammals/Cercopithecus roloway_aoh.tif","Cercopithecus roloway"
"80","Cercopithecus sclateri_aoh","E:/data/AOH Data/Mammals_1km_AOH/Mammals/Cercopithecus sclateri_aoh.tif","Cercopithecus sclateri"
"81","Chacodelphys formosa_aoh","E:/data/AOH Data/Mammals_1km_AOH/Mammals/Chacodelphys formosa_aoh.tif","Chacodelphys formosa"
"82","Chaerephon bregullae_aoh","E:/data/AOH Data/Mammals_1km_AOH/Mammals/Chaerephon bregullae_aoh.tif","Chaerephon bregullae"
"83","Chaerephon tomensis_aoh","E:/data/AOH Data/Mammals_1km_AOH/Mammals/Chaerephon tomensis_aoh.tif","Chaerephon tomensis"
"84","Chaetodipus goldmani_aoh","E:/data/AOH Data/Mammals_1km_AOH/Mammals/Chaetodipus goldmani_aoh.tif","Chaetodipus goldmani"
"85","Chaetomys subspinosus_aoh","E:/data/AOH Data/Mammals_1km_AOH/Mammals/Chaetomys subspinosus_aoh.tif","Chaetomys subspinosus"
"86","Chelemys megalonyx_aoh","E:/data/AOH Data/Mammals_1km_AOH/Mammals/Chelemys megalonyx_aoh.tif","Chelemys megalonyx"
"87","Cheracebus medemi_aoh","E:/data/AOH Data/Mammals_1km_AOH/Mammals/Cheracebus medemi_aoh.tif","Cheracebus medemi"
"88","Chilonatalus micropus_aoh","E:/data/AOH Data/Mammals_1km_AOH/Mammals/Chilonatalus micropus_aoh.tif","Chilonatalus micropus"
"89","Chilonatalus tumidifrons_aoh","E:/data/AOH Data/Mammals_1km_AOH/Mammals/Chilonatalus tumidifrons_aoh.tif","Chilonatalus tumidifrons"
"90","Chinchilla chinchilla_aoh","E:/data/AOH Data/Mammals_1km_AOH/Mammals/Chinchilla chinchilla_aoh.tif","Chinchilla chinchilla"
"91","Chinchilla lanigera_aoh","E:/data/AOH Data/Mammals_1km_AOH/Mammals/Chinchilla lanigera_aoh.tif","Chinchilla lanigera"
"92","Chiroderma improvisum_aoh","E:/data/AOH Data/Mammals_1km_AOH/Mammals/Chiroderma improvisum_aoh.tif","Chiroderma improvisum"
"93","Chiropotes albinasus_aoh","E:/data/AOH Data/Mammals_1km_AOH/Mammals/Chiropotes albinasus_aoh.tif","Chiropotes albinasus"
"94","Chiropotes satanas_aoh","E:/data/AOH Data/Mammals_1km_AOH/Mammals/Chiropotes satanas_aoh.tif","Chiropotes satanas"
"95","Chiropotes utahickae_aoh","E:/data/AOH Data/Mammals_1km_AOH/Mammals/Chiropotes utahickae_aoh.tif","Chiropotes utahickae"
"96","Choeroniscus periosus_aoh","E:/data/AOH Data/Mammals_1km_AOH/Mammals/Choeroniscus periosus_aoh.tif","Choeroniscus periosus"
"97","Choeronycteris mexicana_aoh","E:/data/AOH Data/Mammals_1km_AOH/Mammals/Choeronycteris mexicana_aoh.tif","Choeronycteris mexicana"
"98","Choeropsis liberiensis_aoh","E:/data/AOH Data/Mammals_1km_AOH/Mammals/Choeropsis liberiensis_aoh.tif","Choeropsis liberiensis"
"99","Chrysocyon brachyurus_aoh","E:/data/AOH Data/Mammals_1km_AOH/Mammals/Chrysocyon brachyurus_aoh.tif","Chrysocyon brachyurus"
"100","Colobus polykomos_aoh","E:/data/AOH Data/Mammals_1km_AOH/Mammals/Colobus polykomos_aoh.tif","Colobus polykomos"
"101","Colobus satanas_aoh","E:/data/AOH Data/Mammals_1km_AOH/Mammals/Colobus satanas_aoh.tif","Colobus satanas"
"102","Colobus vellerosus_aoh","E:/data/AOH Data/Mammals_1km_AOH/Mammals/Colobus vellerosus_aoh.tif","Colobus vellerosus"
"103","Corynorhinus mexicanus_aoh","E:/data/AOH Data/Mammals_1km_AOH/Mammals/Corynorhinus mexicanus_aoh.tif","Corynorhinus mexicanus"
"104","Crocidura buettikoferi_aoh","E:/data/AOH Data/Mammals_1km_AOH/Mammals/Crocidura buettikoferi_aoh.tif","Crocidura buettikoferi"
"105","Crocidura canariensis_aoh","E:/data/AOH Data/Mammals_1km_AOH/Mammals/Crocidura canariensis_aoh.tif","Crocidura canariensis"
"106","Crocidura grandiceps_aoh","E:/data/AOH Data/Mammals_1km_AOH/Mammals/Crocidura grandiceps_aoh.tif","Crocidura grandiceps"
"107","Crocidura nimbae_aoh","E:/data/AOH Data/Mammals_1km_AOH/Mammals/Crocidura nimbae_aoh.tif","Crocidura nimbae"
"108","Crocidura thomensis_aoh","E:/data/AOH Data/Mammals_1km_AOH/Mammals/Crocidura thomensis_aoh.tif","Crocidura thomensis"
"109","Crocidura wimmeri_aoh","E:/data/AOH Data/Mammals_1km_AOH/Mammals/Crocidura wimmeri_aoh.tif","Crocidura wimmeri"
"110","Cryptotis endersi_aoh","E:/data/AOH Data/Mammals_1km_AOH/Mammals/Cryptotis endersi_aoh.tif","Cryptotis endersi"
"111","Cryptotis gracilis_aoh","E:/data/AOH Data/Mammals_1km_AOH/Mammals/Cryptotis gracilis_aoh.tif","Cryptotis gracilis"
"112","Cryptotis magna_aoh","E:/data/AOH Data/Mammals_1km_AOH/Mammals/Cryptotis magna_aoh.tif","Cryptotis magna"
"113","Cryptotis merus_aoh","E:/data/AOH Data/Mammals_1km_AOH/Mammals/Cryptotis merus_aoh.tif","Cryptotis merus"
"114","Cryptotis nelsoni_aoh","E:/data/AOH Data/Mammals_1km_AOH/Mammals/Cryptotis nelsoni_aoh.tif","Cryptotis nelsoni"
"115","Cryptotis phillipsii_aoh","E:/data/AOH Data/Mammals_1km_AOH/Mammals/Cryptotis phillipsii_aoh.tif","Cryptotis phillipsii"
"116","Ctenomys argentinus_aoh","E:/data/AOH Data/Mammals_1km_AOH/Mammals/Ctenomys argentinus_aoh.tif","Ctenomys argentinus"
"117","Ctenomys australis_aoh","E:/data/AOH Data/Mammals_1km_AOH/Mammals/Ctenomys australis_aoh.tif","Ctenomys australis"
"118","Ctenomys azarae_aoh","E:/data/AOH Data/Mammals_1km_AOH/Mammals/Ctenomys azarae_aoh.tif","Ctenomys azarae"
"119","Ctenomys bergi_aoh","E:/data/AOH Data/Mammals_1km_AOH/Mammals/Ctenomys bergi_aoh.tif","Ctenomys bergi"
"120","Ctenomys bonettoi_aoh","E:/data/AOH Data/Mammals_1km_AOH/Mammals/Ctenomys bonettoi_aoh.tif","Ctenomys bonettoi"
"121","Ctenomys dorbignyi_aoh","E:/data/AOH Data/Mammals_1km_AOH/Mammals/Ctenomys dorbignyi_aoh.tif","Ctenomys dorbignyi"
"122","Ctenomys emilianus_aoh","E:/data/AOH Data/Mammals_1km_AOH/Mammals/Ctenomys emilianus_aoh.tif","Ctenomys emilianus"
"123","Ctenomys flamarioni_aoh","E:/data/AOH Data/Mammals_1km_AOH/Mammals/Ctenomys flamarioni_aoh.tif","Ctenomys flamarioni"
"124","Ctenomys lami_aoh","E:/data/AOH Data/Mammals_1km_AOH/Mammals/Ctenomys lami_aoh.tif","Ctenomys lami"
"125","Ctenomys latro_aoh","E:/data/AOH Data/Mammals_1km_AOH/Mammals/Ctenomys latro_aoh.tif","Ctenomys latro"
"126","Ctenomys occultus_aoh","E:/data/AOH Data/Mammals_1km_AOH/Mammals/Ctenomys occultus_aoh.tif","Ctenomys occultus"
"127","Ctenomys osvaldoreigi_aoh","E:/data/AOH Data/Mammals_1km_AOH/Mammals/Ctenomys osvaldoreigi_aoh.tif","Ctenomys osvaldoreigi"
"128","Ctenomys pearsoni_aoh","E:/data/AOH Data/Mammals_1km_AOH/Mammals/Ctenomys pearsoni_aoh.tif","Ctenomys pearsoni"
"129","Ctenomys pilarensis_aoh","E:/data/AOH Data/Mammals_1km_AOH/Mammals/Ctenomys pilarensis_aoh.tif","Ctenomys pilarensis"
"130","Ctenomys porteousi_aoh","E:/data/AOH Data/Mammals_1km_AOH/Mammals/Ctenomys porteousi_aoh.tif","Ctenomys porteousi"
"131","Ctenomys pundti_aoh","E:/data/AOH Data/Mammals_1km_AOH/Mammals/Ctenomys pundti_aoh.tif","Ctenomys pundti"
"132","Ctenomys rionegrensis_aoh","E:/data/AOH Data/Mammals_1km_AOH/Mammals/Ctenomys rionegrensis_aoh.tif","Ctenomys rionegrensis"
"133","Ctenomys roigi_aoh","E:/data/AOH Data/Mammals_1km_AOH/Mammals/Ctenomys roigi_aoh.tif","Ctenomys roigi"
"134","Ctenomys sociabilis_aoh","E:/data/AOH Data/Mammals_1km_AOH/Mammals/Ctenomys sociabilis_aoh.tif","Ctenomys sociabilis"
"135","Cuniculus taczanowskii_aoh","E:/data/AOH Data/Mammals_1km_AOH/Mammals/Cuniculus taczanowskii_aoh.tif","Cuniculus taczanowskii"
"136","Cynomys mexicanus_aoh","E:/data/AOH Data/Mammals_1km_AOH/Mammals/Cynomys mexicanus_aoh.tif","Cynomys mexicanus"
"137","Cynomys parvidens_aoh","E:/data/AOH Data/Mammals_1km_AOH/Mammals/Cynomys parvidens_aoh.tif","Cynomys parvidens"
"138","Dasyprocta coibae_aoh","E:/data/AOH Data/Mammals_1km_AOH/Mammals/Dasyprocta coibae_aoh.tif","Dasyprocta coibae"
"139","Dasyprocta guamara_aoh","E:/data/AOH Data/Mammals_1km_AOH/Mammals/Dasyprocta guamara_aoh.tif","Dasyprocta guamara"
"140","Dasyprocta mexicana_aoh","E:/data/AOH Data/Mammals_1km_AOH/Mammals/Dasyprocta mexicana_aoh.tif","Dasyprocta mexicana"
"141","Dasyprocta ruatanica_aoh","E:/data/AOH Data/Mammals_1km_AOH/Mammals/Dasyprocta ruatanica_aoh.tif","Dasyprocta ruatanica"
"142","Dasypus hybridus_aoh","E:/data/AOH Data/Mammals_1km_AOH/Mammals/Dasypus hybridus_aoh.tif","Dasypus hybridus"
"143","Dasypus sabanicola_aoh","E:/data/AOH Data/Mammals_1km_AOH/Mammals/Dasypus sabanicola_aoh.tif","Dasypus sabanicola"
"144","Dipodomys elator_aoh","E:/data/AOH Data/Mammals_1km_AOH/Mammals/Dipodomys elator_aoh.tif","Dipodomys elator"
"145","Dipodomys gravipes_aoh","E:/data/AOH Data/Mammals_1km_AOH/Mammals/Dipodomys gravipes_aoh.tif","Dipodomys gravipes"
"146","Dipodomys ingens_aoh","E:/data/AOH Data/Mammals_1km_AOH/Mammals/Dipodomys ingens_aoh.tif","Dipodomys ingens"
"147","Dipodomys nitratoides_aoh","E:/data/AOH Data/Mammals_1km_AOH/Mammals/Dipodomys nitratoides_aoh.tif","Dipodomys nitratoides"
"148","Dipodomys spectabilis_aoh","E:/data/AOH Data/Mammals_1km_AOH/Mammals/Dipodomys spectabilis_aoh.tif","Dipodomys spectabilis"
"149","Dipodomys stephensi_aoh","E:/data/AOH Data/Mammals_1km_AOH/Mammals/Dipodomys stephensi_aoh.tif","Dipodomys stephensi"
"150","Dolichotis patagonum_aoh","E:/data/AOH Data/Mammals_1km_AOH/Mammals/Dolichotis patagonum_aoh.tif","Dolichotis patagonum"
"151","Dromiciops gliroides_aoh","E:/data/AOH Data/Mammals_1km_AOH/Mammals/Dromiciops gliroides_aoh.tif","Dromiciops gliroides"
"152","Ectophylla alba_aoh","E:/data/AOH Data/Mammals_1km_AOH/Mammals/Ectophylla alba_aoh.tif","Ectophylla alba"
"153","Eidolon helvum_aoh","E:/data/AOH Data/Mammals_1km_AOH/Mammals/Eidolon helvum_aoh.tif","Eidolon helvum"
"154","Eliomys quercinus_aoh","E:/data/AOH Data/Mammals_1km_AOH/Mammals/Eliomys quercinus_aoh.tif","Eliomys quercinus"
"155","Emballonura semicaudata_aoh","E:/data/AOH Data/Mammals_1km_AOH/Mammals/Emballonura semicaudata_aoh.tif","Emballonura semicaudata"
"156","Enhydra lutris_aoh","E:/data/AOH Data/Mammals_1km_AOH/Mammals/Enhydra lutris_aoh.tif","Enhydra lutris"
"157","Eptesicus guadeloupensis_aoh","E:/data/AOH Data/Mammals_1km_AOH/Mammals/Eptesicus guadeloupensis_aoh.tif","Eptesicus guadeloupensis"
"158","Eptesicus innoxius_aoh","E:/data/AOH Data/Mammals_1km_AOH/Mammals/Eptesicus innoxius_aoh.tif","Eptesicus innoxius"
"159","Eudorcas rufifrons_aoh","E:/data/AOH Data/Mammals_1km_AOH/Mammals/Eudorcas rufifrons_aoh.tif","Eudorcas rufifrons"
"160","Eumops floridanus_aoh","E:/data/AOH Data/Mammals_1km_AOH/Mammals/Eumops floridanus_aoh.tif","Eumops floridanus"
"161","Euryoryzomys lamia_aoh","E:/data/AOH Data/Mammals_1km_AOH/Mammals/Euryoryzomys lamia_aoh.tif","Euryoryzomys lamia"
"162","Galemys pyrenaicus_aoh","E:/data/AOH Data/Mammals_1km_AOH/Mammals/Galemys pyrenaicus_aoh.tif","Galemys pyrenaicus"
"163","Gazella cuvieri_aoh","E:/data/AOH Data/Mammals_1km_AOH/Mammals/Gazella cuvieri_aoh.tif","Gazella cuvieri"
"164","Gazella dorcas_aoh","E:/data/AOH Data/Mammals_1km_AOH/Mammals/Gazella dorcas_aoh.tif","Gazella dorcas"
"165","Gazella leptoceros_aoh","E:/data/AOH Data/Mammals_1km_AOH/Mammals/Gazella leptoceros_aoh.tif","Gazella leptoceros"
"166","Genetta bourloni_aoh","E:/data/AOH Data/Mammals_1km_AOH/Mammals/Genetta bourloni_aoh.tif","Genetta bourloni"
"167","Genetta cristata_aoh","E:/data/AOH Data/Mammals_1km_AOH/Mammals/Genetta cristata_aoh.tif","Genetta cristata"
"168","Genetta johnstoni_aoh","E:/data/AOH Data/Mammals_1km_AOH/Mammals/Genetta johnstoni_aoh.tif","Genetta johnstoni"
"169","Geocapromys brownii_aoh","E:/data/AOH Data/Mammals_1km_AOH/Mammals/Geocapromys brownii_aoh.tif","Geocapromys brownii"
"170","Geomys arenarius_aoh","E:/data/AOH Data/Mammals_1km_AOH/Mammals/Geomys arenarius_aoh.tif","Geomys arenarius"
"171","Geomys tropicalis_aoh","E:/data/AOH Data/Mammals_1km_AOH/Mammals/Geomys tropicalis_aoh.tif","Geomys tropicalis"
"172","Geoxus annectens_aoh","E:/data/AOH Data/Mammals_1km_AOH/Mammals/Geoxus annectens_aoh.tif","Geoxus annectens"
"173","Gerbillus hesperinus_aoh","E:/data/AOH Data/Mammals_1km_AOH/Mammals/Gerbillus hesperinus_aoh.tif","Gerbillus hesperinus"
"174","Gerbillus hoogstraali_aoh","E:/data/AOH Data/Mammals_1km_AOH/Mammals/Gerbillus hoogstraali_aoh.tif","Gerbillus hoogstraali"
"175","Giraffa camelopardalis_aoh","E:/data/AOH Data/Mammals_1km_AOH/Mammals/Giraffa camelopardalis_aoh.tif","Giraffa camelopardalis"
"176","Gyldenstolpia fronto_aoh","E:/data/AOH Data/Mammals_1km_AOH/Mammals/Gyldenstolpia fronto_aoh.tif","Gyldenstolpia fronto"
"177","Habromys chinanteco_aoh","E:/data/AOH Data/Mammals_1km_AOH/Mammals/Habromys chinanteco_aoh.tif","Habromys chinanteco"
"178","Habromys delicatulus_aoh","E:/data/AOH Data/Mammals_1km_AOH/Mammals/Habromys delicatulus_aoh.tif","Habromys delicatulus"
"179","Habromys ixtlani_aoh","E:/data/AOH Data/Mammals_1km_AOH/Mammals/Habromys ixtlani_aoh.tif","Habromys ixtlani"
"180","Habromys lepturus_aoh","E:/data/AOH Data/Mammals_1km_AOH/Mammals/Habromys lepturus_aoh.tif","Habromys lepturus"
"181","Habromys lophurus_aoh","E:/data/AOH Data/Mammals_1km_AOH/Mammals/Habromys lophurus_aoh.tif","Habromys lophurus"
"182","Habromys schmidlyi_aoh","E:/data/AOH Data/Mammals_1km_AOH/Mammals/Habromys schmidlyi_aoh.tif","Habromys schmidlyi"
"183","Habromys simulatus_aoh","E:/data/AOH Data/Mammals_1km_AOH/Mammals/Habromys simulatus_aoh.tif","Habromys simulatus"
"184","Handleyomys chapmani_aoh","E:/data/AOH Data/Mammals_1km_AOH/Mammals/Handleyomys chapmani_aoh.tif","Handleyomys chapmani"
"185","Handleyomys rhabdops_aoh","E:/data/AOH Data/Mammals_1km_AOH/Mammals/Handleyomys rhabdops_aoh.tif","Handleyomys rhabdops"
"186","Handleyomys saturatior_aoh","E:/data/AOH Data/Mammals_1km_AOH/Mammals/Handleyomys saturatior_aoh.tif","Handleyomys saturatior"
"187","Heterogeomys lanius_aoh","E:/data/AOH Data/Mammals_1km_AOH/Mammals/Heterogeomys lanius_aoh.tif","Heterogeomys lanius"
"188","Heteromys nelsoni_aoh","E:/data/AOH Data/Mammals_1km_AOH/Mammals/Heteromys nelsoni_aoh.tif","Heteromys nelsoni"
"189","Heteromys oasicus_aoh","E:/data/AOH Data/Mammals_1km_AOH/Mammals/Heteromys oasicus_aoh.tif","Heteromys oasicus"
"190","Heteromys spectabilis_aoh","E:/data/AOH Data/Mammals_1km_AOH/Mammals/Heteromys spectabilis_aoh.tif","Heteromys spectabilis"
"191","Heteromys teleus_aoh","E:/data/AOH Data/Mammals_1km_AOH/Mammals/Heteromys teleus_aoh.tif","Heteromys teleus"
"192","Hippocamelus antisensis_aoh","E:/data/AOH Data/Mammals_1km_AOH/Mammals/Hippocamelus antisensis_aoh.tif","Hippocamelus antisensis"
"193","Hippocamelus bisulcus_aoh","E:/data/AOH Data/Mammals_1km_AOH/Mammals/Hippocamelus bisulcus_aoh.tif","Hippocamelus bisulcus"
"194","Hippopotamus amphibius_aoh","E:/data/AOH Data/Mammals_1km_AOH/Mammals/Hippopotamus amphibius_aoh.tif","Hippopotamus amphibius"
"195","Hipposideros curtus_aoh","E:/data/AOH Data/Mammals_1km_AOH/Mammals/Hipposideros curtus_aoh.tif","Hipposideros curtus"
"196","Hipposideros jonesi_aoh","E:/data/AOH Data/Mammals_1km_AOH/Mammals/Hipposideros jonesi_aoh.tif","Hipposideros jonesi"
"197","Hipposideros lamottei_aoh","E:/data/AOH Data/Mammals_1km_AOH/Mammals/Hipposideros lamottei_aoh.tif","Hipposideros lamottei"
"198","Hipposideros marisae_aoh","E:/data/AOH Data/Mammals_1km_AOH/Mammals/Hipposideros marisae_aoh.tif","Hipposideros marisae"
"199","Hipposideros vittatus_aoh","E:/data/AOH Data/Mammals_1km_AOH/Mammals/Hipposideros vittatus_aoh.tif","Hipposideros vittatus"
"200","Hyaena hyaena_aoh","E:/data/AOH Data/Mammals_1km_AOH/Mammals/Hyaena hyaena_aoh.tif","Hyaena hyaena"
"201","Hybomys basilii_aoh","E:/data/AOH Data/Mammals_1km_AOH/Mammals/Hybomys basilii_aoh.tif","Hybomys basilii"
"202","Hydrictis maculicollis_aoh","E:/data/AOH Data/Mammals_1km_AOH/Mammals/Hydrictis maculicollis_aoh.tif","Hydrictis maculicollis"
"203","Hylaeamys laticeps_aoh","E:/data/AOH Data/Mammals_1km_AOH/Mammals/Hylaeamys laticeps_aoh.tif","Hylaeamys laticeps"
"204","Hylaeamys oniscus_aoh","E:/data/AOH Data/Mammals_1km_AOH/Mammals/Hylaeamys oniscus_aoh.tif","Hylaeamys oniscus"
"205","Hylomyscus baeri_aoh","E:/data/AOH Data/Mammals_1km_AOH/Mammals/Hylomyscus baeri_aoh.tif","Hylomyscus baeri"
"206","Ichthyomys hydrobates_aoh","E:/data/AOH Data/Mammals_1km_AOH/Mammals/Ichthyomys hydrobates_aoh.tif","Ichthyomys hydrobates"
"207","Ichthyomys pittieri_aoh","E:/data/AOH Data/Mammals_1km_AOH/Mammals/Ichthyomys pittieri_aoh.tif","Ichthyomys pittieri"
"208","Isthmomys flavidus_aoh","E:/data/AOH Data/Mammals_1km_AOH/Mammals/Isthmomys flavidus_aoh.tif","Isthmomys flavidus"
"209","Juliomys rimofrons_aoh","E:/data/AOH Data/Mammals_1km_AOH/Mammals/Juliomys rimofrons_aoh.tif","Juliomys rimofrons"
"210","Lagothrix cana_aoh","E:/data/AOH Data/Mammals_1km_AOH/Mammals/Lagothrix cana_aoh.tif","Lagothrix cana"
"211","Lagothrix flavicauda_aoh","E:/data/AOH Data/Mammals_1km_AOH/Mammals/Lagothrix flavicauda_aoh.tif","Lagothrix flavicauda"
"212","Lagothrix lagotricha_aoh","E:/data/AOH Data/Mammals_1km_AOH/Mammals/Lagothrix lagotricha_aoh.tif","Lagothrix lagotricha"
"213","Lagothrix lugens_aoh","E:/data/AOH Data/Mammals_1km_AOH/Mammals/Lagothrix lugens_aoh.tif","Lagothrix lugens"
"214","Lagothrix poeppigii_aoh","E:/data/AOH Data/Mammals_1km_AOH/Mammals/Lagothrix poeppigii_aoh.tif","Lagothrix poeppigii"
"215","Lasiurus degelidus_aoh","E:/data/AOH Data/Mammals_1km_AOH/Mammals/Lasiurus degelidus_aoh.tif","Lasiurus degelidus"
"216","Lasiurus insularis_aoh","E:/data/AOH Data/Mammals_1km_AOH/Mammals/Lasiurus insularis_aoh.tif","Lasiurus insularis"
"217","Lasiurus minor_aoh","E:/data/AOH Data/Mammals_1km_AOH/Mammals/Lasiurus minor_aoh.tif","Lasiurus minor"
"218","Lasiurus pfeifferi_aoh","E:/data/AOH Data/Mammals_1km_AOH/Mammals/Lasiurus pfeifferi_aoh.tif","Lasiurus pfeifferi"
"219","Leontopithecus caissara_aoh","E:/data/AOH Data/Mammals_1km_AOH/Mammals/Leontopithecus caissara_aoh.tif","Leontopithecus caissara"
"220","Leontopithecus chrysomelas_aoh","E:/data/AOH Data/Mammals_1km_AOH/Mammals/Leontopithecus chrysomelas_aoh.tif","Leontopithecus chrysomelas"
"221","Leontopithecus chrysopygus_aoh","E:/data/AOH Data/Mammals_1km_AOH/Mammals/Leontopithecus chrysopygus_aoh.tif","Leontopithecus chrysopygus"
"222","Leontopithecus rosalia_aoh","E:/data/AOH Data/Mammals_1km_AOH/Mammals/Leontopithecus rosalia_aoh.tif","Leontopithecus rosalia"
"223","Leopardus colocolo_aoh","E:/data/AOH Data/Mammals_1km_AOH/Mammals/Leopardus colocolo_aoh.tif","Leopardus colocolo"
"224","Leopardus guigna_aoh","E:/data/AOH Data/Mammals_1km_AOH/Mammals/Leopardus guigna_aoh.tif","Leopardus guigna"
"225","Leopardus guttulus_aoh","E:/data/AOH Data/Mammals_1km_AOH/Mammals/Leopardus guttulus_aoh.tif","Leopardus guttulus"
"226","Leopardus jacobita_aoh","E:/data/AOH Data/Mammals_1km_AOH/Mammals/Leopardus jacobita_aoh.tif","Leopardus jacobita"
"227","Leopardus tigrinus_aoh","E:/data/AOH Data/Mammals_1km_AOH/Mammals/Leopardus tigrinus_aoh.tif","Leopardus tigrinus"
"228","Leopardus wiedii_aoh","E:/data/AOH Data/Mammals_1km_AOH/Mammals/Leopardus wiedii_aoh.tif","Leopardus wiedii"
"229","Leptonycteris curasoae_aoh","E:/data/AOH Data/Mammals_1km_AOH/Mammals/Leptonycteris curasoae_aoh.tif","Leptonycteris curasoae"
"230","Leptonycteris nivalis_aoh","E:/data/AOH Data/Mammals_1km_AOH/Mammals/Leptonycteris nivalis_aoh.tif","Leptonycteris nivalis"
"231","Leptonycteris yerbabuenae_aoh","E:/data/AOH Data/Mammals_1km_AOH/Mammals/Leptonycteris yerbabuenae_aoh.tif","Leptonycteris yerbabuenae"
"232","Lepus callotis_aoh","E:/data/AOH Data/Mammals_1km_AOH/Mammals/Lepus callotis_aoh.tif","Lepus callotis"
"233","Lepus castroviejoi_aoh","E:/data/AOH Data/Mammals_1km_AOH/Mammals/Lepus castroviejoi_aoh.tif","Lepus castroviejoi"
"234","Lepus corsicanus_aoh","E:/data/AOH Data/Mammals_1km_AOH/Mammals/Lepus corsicanus_aoh.tif","Lepus corsicanus"
"235","Lepus flavigularis_aoh","E:/data/AOH Data/Mammals_1km_AOH/Mammals/Lepus flavigularis_aoh.tif","Lepus flavigularis"
"236","Lepus insularis_aoh","E:/data/AOH Data/Mammals_1km_AOH/Mammals/Lepus insularis_aoh.tif","Lepus insularis"
"237","Liberiictis kuhni_aoh","E:/data/AOH Data/Mammals_1km_AOH/Mammals/Liberiictis kuhni_aoh.tif","Liberiictis kuhni"
"238","Lonchophylla bokermanni_aoh","E:/data/AOH Data/Mammals_1km_AOH/Mammals/Lonchophylla bokermanni_aoh.tif","Lonchophylla bokermanni"
"239","Lonchophylla dekeyseri_aoh","E:/data/AOH Data/Mammals_1km_AOH/Mammals/Lonchophylla dekeyseri_aoh.tif","Lonchophylla dekeyseri"
"240","Lonchophylla hesperia_aoh","E:/data/AOH Data/Mammals_1km_AOH/Mammals/Lonchophylla hesperia_aoh.tif","Lonchophylla hesperia"
"241","Lonchophylla mordax_aoh","E:/data/AOH Data/Mammals_1km_AOH/Mammals/Lonchophylla mordax_aoh.tif","Lonchophylla mordax"
"242","Lonchorhina fernandezi_aoh","E:/data/AOH Data/Mammals_1km_AOH/Mammals/Lonchorhina fernandezi_aoh.tif","Lonchorhina fernandezi"
"243","Lonchorhina marinkellei_aoh","E:/data/AOH Data/Mammals_1km_AOH/Mammals/Lonchorhina marinkellei_aoh.tif","Lonchorhina marinkellei"
"244","Lonchorhina orinocensis_aoh","E:/data/AOH Data/Mammals_1km_AOH/Mammals/Lonchorhina orinocensis_aoh.tif","Lonchorhina orinocensis"
"245","Lontra felina_aoh","E:/data/AOH Data/Mammals_1km_AOH/Mammals/Lontra felina_aoh.tif","Lontra felina"
"246","Lontra longicaudis_aoh","E:/data/AOH Data/Mammals_1km_AOH/Mammals/Lontra longicaudis_aoh.tif","Lontra longicaudis"
"247","Lontra provocax_aoh","E:/data/AOH Data/Mammals_1km_AOH/Mammals/Lontra provocax_aoh.tif","Lontra provocax"
"248","Lophostoma occidentalis_aoh","E:/data/AOH Data/Mammals_1km_AOH/Mammals/Lophostoma occidentalis_aoh.tif","Lophostoma occidentalis"
"249","Loxodonta africana_aoh","E:/data/AOH Data/Mammals_1km_AOH/Mammals/Loxodonta africana_aoh.tif","Loxodonta africana"
"250","Lutra lutra_aoh","E:/data/AOH Data/Mammals_1km_AOH/Mammals/Lutra lutra_aoh.tif","Lutra lutra"
"251","Lycalopex fulvipes_aoh","E:/data/AOH Data/Mammals_1km_AOH/Mammals/Lycalopex fulvipes_aoh.tif","Lycalopex fulvipes"
"252","Lycalopex sechurae_aoh","E:/data/AOH Data/Mammals_1km_AOH/Mammals/Lycalopex sechurae_aoh.tif","Lycalopex sechurae"
"253","Lycaon pictus_aoh","E:/data/AOH Data/Mammals_1km_AOH/Mammals/Lycaon pictus_aoh.tif","Lycaon pictus"
"254","Lynx pardinus_aoh","E:/data/AOH Data/Mammals_1km_AOH/Mammals/Lynx pardinus_aoh.tif","Lynx pardinus"
"255","Macaca sylvanus_aoh","E:/data/AOH Data/Mammals_1km_AOH/Mammals/Macaca sylvanus_aoh.tif","Macaca sylvanus"
"256","Mandrillus leucophaeus_aoh","E:/data/AOH Data/Mammals_1km_AOH/Mammals/Mandrillus leucophaeus_aoh.tif","Mandrillus leucophaeus"
"257","Marmosa phaea_aoh","E:/data/AOH Data/Mammals_1km_AOH/Mammals/Marmosa phaea_aoh.tif","Marmosa phaea"
"258","Marmosa xerophila_aoh","E:/data/AOH Data/Mammals_1km_AOH/Mammals/Marmosa xerophila_aoh.tif","Marmosa xerophila"
"259","Marmosops handleyi_aoh","E:/data/AOH Data/Mammals_1km_AOH/Mammals/Marmosops handleyi_aoh.tif","Marmosops handleyi"
"260","Marmosops juninensis_aoh","E:/data/AOH Data/Mammals_1km_AOH/Mammals/Marmosops juninensis_aoh.tif","Marmosops juninensis"
"261","Marmosops pakaraimae_aoh","E:/data/AOH Data/Mammals_1km_AOH/Mammals/Marmosops pakaraimae_aoh.tif","Marmosops pakaraimae"
"262","Marmota vancouverensis_aoh","E:/data/AOH Data/Mammals_1km_AOH/Mammals/Marmota vancouverensis_aoh.tif","Marmota vancouverensis"
"263","Mazama bororo_aoh","E:/data/AOH Data/Mammals_1km_AOH/Mammals/Mazama bororo_aoh.tif","Mazama bororo"
"264","Mazama bricenii_aoh","E:/data/AOH Data/Mammals_1km_AOH/Mammals/Mazama bricenii_aoh.tif","Mazama bricenii"
"265","Mazama chunyi_aoh","E:/data/AOH Data/Mammals_1km_AOH/Mammals/Mazama chunyi_aoh.tif","Mazama chunyi"
"266","Mazama nana_aoh","E:/data/AOH Data/Mammals_1km_AOH/Mammals/Mazama nana_aoh.tif","Mazama nana"
"267","Mazama pandora_aoh","E:/data/AOH Data/Mammals_1km_AOH/Mammals/Mazama pandora_aoh.tif","Mazama pandora"
"268","Mazama rufina_aoh","E:/data/AOH Data/Mammals_1km_AOH/Mammals/Mazama rufina_aoh.tif","Mazama rufina"
"269","Megadontomys cryophilus_aoh","E:/data/AOH Data/Mammals_1km_AOH/Mammals/Megadontomys cryophilus_aoh.tif","Megadontomys cryophilus"
"270","Megadontomys nelsoni_aoh","E:/data/AOH Data/Mammals_1km_AOH/Mammals/Megadontomys nelsoni_aoh.tif","Megadontomys nelsoni"
"271","Megadontomys thomasi_aoh","E:/data/AOH Data/Mammals_1km_AOH/Mammals/Megadontomys thomasi_aoh.tif","Megadontomys thomasi"
"272","Melanomys zunigae_aoh","E:/data/AOH Data/Mammals_1km_AOH/Mammals/Melanomys zunigae_aoh.tif","Melanomys zunigae"
"273","Mesocapromys angelcabrerai_aoh","E:/data/AOH Data/Mammals_1km_AOH/Mammals/Mesocapromys angelcabrerai_aoh.tif","Mesocapromys angelcabrerai"
"274","Mesocapromys auritus_aoh","E:/data/AOH Data/Mammals_1km_AOH/Mammals/Mesocapromys auritus_aoh.tif","Mesocapromys auritus"
"275","Mico leucippe_aoh","E:/data/AOH Data/Mammals_1km_AOH/Mammals/Mico leucippe_aoh.tif","Mico leucippe"
"276","Mico rondoni_aoh","E:/data/AOH Data/Mammals_1km_AOH/Mammals/Mico rondoni_aoh.tif","Mico rondoni"
"277","Microakodontomys transitorius_aoh","E:/data/AOH Data/Mammals_1km_AOH/Mammals/Microakodontomys transitorius_aoh.tif","Microakodontomys transitorius"
"278","Microcavia shiptoni_aoh","E:/data/AOH Data/Mammals_1km_AOH/Mammals/Microcavia shiptoni_aoh.tif","Microcavia shiptoni"
"279","Micropotamogale lamottei_aoh","E:/data/AOH Data/Mammals_1km_AOH/Mammals/Micropotamogale lamottei_aoh.tif","Micropotamogale lamottei"
"280","Microtus bavaricus_aoh","E:/data/AOH Data/Mammals_1km_AOH/Mammals/Microtus bavaricus_aoh.tif","Microtus bavaricus"
"281","Microtus cabrerae_aoh","E:/data/AOH Data/Mammals_1km_AOH/Mammals/Microtus cabrerae_aoh.tif","Microtus cabrerae"
"282","Microtus guatemalensis_aoh","E:/data/AOH Data/Mammals_1km_AOH/Mammals/Microtus guatemalensis_aoh.tif","Microtus guatemalensis"
"283","Microtus oaxacensis_aoh","E:/data/AOH Data/Mammals_1km_AOH/Mammals/Microtus oaxacensis_aoh.tif","Microtus oaxacensis"
"284","Microtus quasiater_aoh","E:/data/AOH Data/Mammals_1km_AOH/Mammals/Microtus quasiater_aoh.tif","Microtus quasiater"
"285","Microtus umbrosus_aoh","E:/data/AOH Data/Mammals_1km_AOH/Mammals/Microtus umbrosus_aoh.tif","Microtus umbrosus"
"286","Mindomys hammondi_aoh","E:/data/AOH Data/Mammals_1km_AOH/Mammals/Mindomys hammondi_aoh.tif","Mindomys hammondi"
"287","Miniopterus schreibersii_aoh","E:/data/AOH Data/Mammals_1km_AOH/Mammals/Miniopterus schreibersii_aoh.tif","Miniopterus schreibersii"
"288","Mirimiri acrodonta_aoh","E:/data/AOH Data/Mammals_1km_AOH/Mammals/Mirimiri acrodonta_aoh.tif","Mirimiri acrodonta"
"289","Molossops aequatorianus_aoh","E:/data/AOH Data/Mammals_1km_AOH/Mammals/Molossops aequatorianus_aoh.tif","Molossops aequatorianus"
"290","Monodelphis reigi_aoh","E:/data/AOH Data/Mammals_1km_AOH/Mammals/Monodelphis reigi_aoh.tif","Monodelphis reigi"
"291","Mops petersoni_aoh","E:/data/AOH Data/Mammals_1km_AOH/Mammals/Mops petersoni_aoh.tif","Mops petersoni"
"292","Mormopterus minutus_aoh","E:/data/AOH Data/Mammals_1km_AOH/Mammals/Mormopterus minutus_aoh.tif","Mormopterus minutus"
"293","Mormopterus phrudus_aoh","E:/data/AOH Data/Mammals_1km_AOH/Mammals/Mormopterus phrudus_aoh.tif","Mormopterus phrudus"
"294","Musonycteris harrisoni_aoh","E:/data/AOH Data/Mammals_1km_AOH/Mammals/Musonycteris harrisoni_aoh.tif","Musonycteris harrisoni"
"295","Mustela felipei_aoh","E:/data/AOH Data/Mammals_1km_AOH/Mammals/Mustela felipei_aoh.tif","Mustela felipei"
"296","Mustela lutreola_aoh","E:/data/AOH Data/Mammals_1km_AOH/Mammals/Mustela lutreola_aoh.tif","Mustela lutreola"
"297","Mustela nigripes_aoh","E:/data/AOH Data/Mammals_1km_AOH/Mammals/Mustela nigripes_aoh.tif","Mustela nigripes"
"298","Myonycteris brachycephala_aoh","E:/data/AOH Data/Mammals_1km_AOH/Mammals/Myonycteris brachycephala_aoh.tif","Myonycteris brachycephala"
"299","Myotis atacamensis_aoh","E:/data/AOH Data/Mammals_1km_AOH/Mammals/Myotis atacamensis_aoh.tif","Myotis atacamensis"
"300","Myotis bechsteinii_aoh","E:/data/AOH Data/Mammals_1km_AOH/Mammals/Myotis bechsteinii_aoh.tif","Myotis bechsteinii"
"301","Myotis capaccinii_aoh","E:/data/AOH Data/Mammals_1km_AOH/Mammals/Myotis capaccinii_aoh.tif","Myotis capaccinii"
"302","Myotis dasycneme_aoh","E:/data/AOH Data/Mammals_1km_AOH/Mammals/Myotis dasycneme_aoh.tif","Myotis dasycneme"
"303","Myotis dominicensis_aoh","E:/data/AOH Data/Mammals_1km_AOH/Mammals/Myotis dominicensis_aoh.tif","Myotis dominicensis"
"304","Myotis findleyi_aoh","E:/data/AOH Data/Mammals_1km_AOH/Mammals/Myotis findleyi_aoh.tif","Myotis findleyi"
"305","Myotis grisescens_aoh","E:/data/AOH Data/Mammals_1km_AOH/Mammals/Myotis grisescens_aoh.tif","Myotis grisescens"
"306","Myotis leibii_aoh","E:/data/AOH Data/Mammals_1km_AOH/Mammals/Myotis leibii_aoh.tif","Myotis leibii"
"307","Myotis lucifugus_aoh","E:/data/AOH Data/Mammals_1km_AOH/Mammals/Myotis lucifugus_aoh.tif","Myotis lucifugus"
"308","Myotis martiniquensis_aoh","E:/data/AOH Data/Mammals_1km_AOH/Mammals/Myotis martiniquensis_aoh.tif","Myotis martiniquensis"
"309","Myotis nyctor_aoh","E:/data/AOH Data/Mammals_1km_AOH/Mammals/Myotis nyctor_aoh.tif","Myotis nyctor"
"310","Myotis peninsularis_aoh","E:/data/AOH Data/Mammals_1km_AOH/Mammals/Myotis peninsularis_aoh.tif","Myotis peninsularis"
"311","Myotis planiceps_aoh","E:/data/AOH Data/Mammals_1km_AOH/Mammals/Myotis planiceps_aoh.tif","Myotis planiceps"
"312","Myotis ruber_aoh","E:/data/AOH Data/Mammals_1km_AOH/Mammals/Myotis ruber_aoh.tif","Myotis ruber"
"313","Myotis septentrionalis_aoh","E:/data/AOH Data/Mammals_1km_AOH/Mammals/Myotis septentrionalis_aoh.tif","Myotis septentrionalis"
"314","Myotis sodalis_aoh","E:/data/AOH Data/Mammals_1km_AOH/Mammals/Myotis sodalis_aoh.tif","Myotis sodalis"
"315","Myotis vivesi_aoh","E:/data/AOH Data/Mammals_1km_AOH/Mammals/Myotis vivesi_aoh.tif","Myotis vivesi"
"316","Myrmecophaga tridactyla_aoh","E:/data/AOH Data/Mammals_1km_AOH/Mammals/Myrmecophaga tridactyla_aoh.tif","Myrmecophaga tridactyla"
"317","Mysateles melanurus_aoh","E:/data/AOH Data/Mammals_1km_AOH/Mammals/Mysateles melanurus_aoh.tif","Mysateles melanurus"
"318","Mysateles prehensilis_aoh","E:/data/AOH Data/Mammals_1km_AOH/Mammals/Mysateles prehensilis_aoh.tif","Mysateles prehensilis"
"319","Nanger dama_aoh","E:/data/AOH Data/Mammals_1km_AOH/Mammals/Nanger dama_aoh.tif","Nanger dama"
"320","Nasuella meridensis_aoh","E:/data/AOH Data/Mammals_1km_AOH/Mammals/Nasuella meridensis_aoh.tif","Nasuella meridensis"
"321","Nasuella olivacea_aoh","E:/data/AOH Data/Mammals_1km_AOH/Mammals/Nasuella olivacea_aoh.tif","Nasuella olivacea"
"322","Natalus espiritosantensis_aoh","E:/data/AOH Data/Mammals_1km_AOH/Mammals/Natalus espiritosantensis_aoh.tif","Natalus espiritosantensis"
"323","Natalus jamaicensis_aoh","E:/data/AOH Data/Mammals_1km_AOH/Mammals/Natalus jamaicensis_aoh.tif","Natalus jamaicensis"
"324","Natalus major_aoh","E:/data/AOH Data/Mammals_1km_AOH/Mammals/Natalus major_aoh.tif","Natalus major"
"325","Natalus primus_aoh","E:/data/AOH Data/Mammals_1km_AOH/Mammals/Natalus primus_aoh.tif","Natalus primus"
"326","Necromys obscurus_aoh","E:/data/AOH Data/Mammals_1km_AOH/Mammals/Necromys obscurus_aoh.tif","Necromys obscurus"
"327","Nelsonia goldmani_aoh","E:/data/AOH Data/Mammals_1km_AOH/Mammals/Nelsonia goldmani_aoh.tif","Nelsonia goldmani"
"328","Nelsonia neotomodon_aoh","E:/data/AOH Data/Mammals_1km_AOH/Mammals/Nelsonia neotomodon_aoh.tif","Nelsonia neotomodon"
"329","Neomicroxus latebricola_aoh","E:/data/AOH Data/Mammals_1km_AOH/Mammals/Neomicroxus latebricola_aoh.tif","Neomicroxus latebricola"
"330","Neoromicia brunnea_aoh","E:/data/AOH Data/Mammals_1km_AOH/Mammals/Neoromicia brunnea_aoh.tif","Neoromicia brunnea"
"331","Neotamias bulleri_aoh","E:/data/AOH Data/Mammals_1km_AOH/Mammals/Neotamias bulleri_aoh.tif","Neotamias bulleri"
"332","Neotamias palmeri_aoh","E:/data/AOH Data/Mammals_1km_AOH/Mammals/Neotamias palmeri_aoh.tif","Neotamias palmeri"
"333","Neotoma angustapalata_aoh","E:/data/AOH Data/Mammals_1km_AOH/Mammals/Neotoma angustapalata_aoh.tif","Neotoma angustapalata"
"334","Neotoma magister_aoh","E:/data/AOH Data/Mammals_1km_AOH/Mammals/Neotoma magister_aoh.tif","Neotoma magister"
"335","Neotoma nelsoni_aoh","E:/data/AOH Data/Mammals_1km_AOH/Mammals/Neotoma nelsoni_aoh.tif","Neotoma nelsoni"
"336","Neotoma palatina_aoh","E:/data/AOH Data/Mammals_1km_AOH/Mammals/Neotoma palatina_aoh.tif","Neotoma palatina"
"337","Neotoma phenax_aoh","E:/data/AOH Data/Mammals_1km_AOH/Mammals/Neotoma phenax_aoh.tif","Neotoma phenax"
"338","Nesoryzomys fernandinae_aoh","E:/data/AOH Data/Mammals_1km_AOH/Mammals/Nesoryzomys fernandinae_aoh.tif","Nesoryzomys fernandinae"
"339","Nesoryzomys narboroughi_aoh","E:/data/AOH Data/Mammals_1km_AOH/Mammals/Nesoryzomys narboroughi_aoh.tif","Nesoryzomys narboroughi"
"340","Nesoryzomys swarthi_aoh","E:/data/AOH Data/Mammals_1km_AOH/Mammals/Nesoryzomys swarthi_aoh.tif","Nesoryzomys swarthi"
"341","Neusticomys mussoi_aoh","E:/data/AOH Data/Mammals_1km_AOH/Mammals/Neusticomys mussoi_aoh.tif","Neusticomys mussoi"
"342","Neusticomys venezuelae_aoh","E:/data/AOH Data/Mammals_1km_AOH/Mammals/Neusticomys venezuelae_aoh.tif","Neusticomys venezuelae"
"343","Notiosorex villai_aoh","E:/data/AOH Data/Mammals_1km_AOH/Mammals/Notiosorex villai_aoh.tif","Notiosorex villai"
"344","Notopteris macdonaldi_aoh","E:/data/AOH Data/Mammals_1km_AOH/Mammals/Notopteris macdonaldi_aoh.tif","Notopteris macdonaldi"
"345","Nyctalus azoreum_aoh","E:/data/AOH Data/Mammals_1km_AOH/Mammals/Nyctalus azoreum_aoh.tif","Nyctalus azoreum"
"346","Nyctalus lasiopterus_aoh","E:/data/AOH Data/Mammals_1km_AOH/Mammals/Nyctalus lasiopterus_aoh.tif","Nyctalus lasiopterus"
"347","Nycticeius cubanus_aoh","E:/data/AOH Data/Mammals_1km_AOH/Mammals/Nycticeius cubanus_aoh.tif","Nycticeius cubanus"
"348","Octodon bridgesi_aoh","E:/data/AOH Data/Mammals_1km_AOH/Mammals/Octodon bridgesi_aoh.tif","Octodon bridgesi"
"349","Octodon lunatus_aoh","E:/data/AOH Data/Mammals_1km_AOH/Mammals/Octodon lunatus_aoh.tif","Octodon lunatus"
"350","Octodon pacificus_aoh","E:/data/AOH Data/Mammals_1km_AOH/Mammals/Octodon pacificus_aoh.tif","Octodon pacificus"
"351","Oryctolagus cuniculus_aoh","E:/data/AOH Data/Mammals_1km_AOH/Mammals/Oryctolagus cuniculus_aoh.tif","Oryctolagus cuniculus"
"352","Otomops martiensseni_aoh","E:/data/AOH Data/Mammals_1km_AOH/Mammals/Otomops martiensseni_aoh.tif","Otomops martiensseni"
"353","Oxymycterus hucucha_aoh","E:/data/AOH Data/Mammals_1km_AOH/Mammals/Oxymycterus hucucha_aoh.tif","Oxymycterus hucucha"
"354","Oxymycterus josei_aoh","E:/data/AOH Data/Mammals_1km_AOH/Mammals/Oxymycterus josei_aoh.tif","Oxymycterus josei"
"355","Ozotoceros bezoarticus_aoh","E:/data/AOH Data/Mammals_1km_AOH/Mammals/Ozotoceros bezoarticus_aoh.tif","Ozotoceros bezoarticus"
"356","Pan troglodytes_aoh","E:/data/AOH Data/Mammals_1km_AOH/Mammals/Pan troglodytes_aoh.tif","Pan troglodytes"
"357","Panthera leo_aoh","E:/data/AOH Data/Mammals_1km_AOH/Mammals/Panthera leo_aoh.tif","Panthera leo"
"358","Panthera onca_aoh","E:/data/AOH Data/Mammals_1km_AOH/Mammals/Panthera onca_aoh.tif","Panthera onca"
"359","Panthera pardus_aoh","E:/data/AOH Data/Mammals_1km_AOH/Mammals/Panthera pardus_aoh.tif","Panthera pardus"
"360","Papio papio_aoh","E:/data/AOH Data/Mammals_1km_AOH/Mammals/Papio papio_aoh.tif","Papio papio"
"361","Perognathus alticola_aoh","E:/data/AOH Data/Mammals_1km_AOH/Mammals/Perognathus alticola_aoh.tif","Perognathus alticola"
"362","Peromyscus bullatus_aoh","E:/data/AOH Data/Mammals_1km_AOH/Mammals/Peromyscus bullatus_aoh.tif","Peromyscus bullatus"
"363","Peromyscus caniceps_aoh","E:/data/AOH Data/Mammals_1km_AOH/Mammals/Peromyscus caniceps_aoh.tif","Peromyscus caniceps"
"364","Peromyscus dickeyi_aoh","E:/data/AOH Data/Mammals_1km_AOH/Mammals/Peromyscus dickeyi_aoh.tif","Peromyscus dickeyi"
"365","Peromyscus grandis_aoh","E:/data/AOH Data/Mammals_1km_AOH/Mammals/Peromyscus grandis_aoh.tif","Peromyscus grandis"
"366","Peromyscus interparietalis_aoh","E:/data/AOH Data/Mammals_1km_AOH/Mammals/Peromyscus interparietalis_aoh.tif","Peromyscus interparietalis"
"367","Peromyscus madrensis_aoh","E:/data/AOH Data/Mammals_1km_AOH/Mammals/Peromyscus madrensis_aoh.tif","Peromyscus madrensis"
"368","Peromyscus mayensis_aoh","E:/data/AOH Data/Mammals_1km_AOH/Mammals/Peromyscus mayensis_aoh.tif","Peromyscus mayensis"
"369","Peromyscus mekisturus_aoh","E:/data/AOH Data/Mammals_1km_AOH/Mammals/Peromyscus mekisturus_aoh.tif","Peromyscus mekisturus"
"370","Peromyscus melanocarpus_aoh","E:/data/AOH Data/Mammals_1km_AOH/Mammals/Peromyscus melanocarpus_aoh.tif","Peromyscus melanocarpus"
"371","Peromyscus melanurus_aoh","E:/data/AOH Data/Mammals_1km_AOH/Mammals/Peromyscus melanurus_aoh.tif","Peromyscus melanurus"
"372","Peromyscus ochraventer_aoh","E:/data/AOH Data/Mammals_1km_AOH/Mammals/Peromyscus ochraventer_aoh.tif","Peromyscus ochraventer"
"373","Peromyscus polius_aoh","E:/data/AOH Data/Mammals_1km_AOH/Mammals/Peromyscus polius_aoh.tif","Peromyscus polius"
"374","Peromyscus pseudocrinitus_aoh","E:/data/AOH Data/Mammals_1km_AOH/Mammals/Peromyscus pseudocrinitus_aoh.tif","Peromyscus pseudocrinitus"
"375","Peromyscus sejugis_aoh","E:/data/AOH Data/Mammals_1km_AOH/Mammals/Peromyscus sejugis_aoh.tif","Peromyscus sejugis"
"376","Peromyscus simulus_aoh","E:/data/AOH Data/Mammals_1km_AOH/Mammals/Peromyscus simulus_aoh.tif","Peromyscus simulus"
"377","Peromyscus slevini_aoh","E:/data/AOH Data/Mammals_1km_AOH/Mammals/Peromyscus slevini_aoh.tif","Peromyscus slevini"
"378","Peromyscus stephani_aoh","E:/data/AOH Data/Mammals_1km_AOH/Mammals/Peromyscus stephani_aoh.tif","Peromyscus stephani"
"379","Peromyscus winkelmanni_aoh","E:/data/AOH Data/Mammals_1km_AOH/Mammals/Peromyscus winkelmanni_aoh.tif","Peromyscus winkelmanni"
"380","Peromyscus zarhynchus_aoh","E:/data/AOH Data/Mammals_1km_AOH/Mammals/Peromyscus zarhynchus_aoh.tif","Peromyscus zarhynchus"
"381","Phaenomys ferrugineus_aoh","E:/data/AOH Data/Mammals_1km_AOH/Mammals/Phaenomys ferrugineus_aoh.tif","Phaenomys ferrugineus"
"382","Phataginus tetradactyla_aoh","E:/data/AOH Data/Mammals_1km_AOH/Mammals/Phataginus tetradactyla_aoh.tif","Phataginus tetradactyla"
"383","Phataginus tricuspis_aoh","E:/data/AOH Data/Mammals_1km_AOH/Mammals/Phataginus tricuspis_aoh.tif","Phataginus tricuspis"
"384","Phyllomys brasiliensis_aoh","E:/data/AOH Data/Mammals_1km_AOH/Mammals/Phyllomys brasiliensis_aoh.tif","Phyllomys brasiliensis"
"385","Phyllomys lundi_aoh","E:/data/AOH Data/Mammals_1km_AOH/Mammals/Phyllomys lundi_aoh.tif","Phyllomys lundi"
"386","Phyllomys mantiqueirensis_aoh","E:/data/AOH Data/Mammals_1km_AOH/Mammals/Phyllomys mantiqueirensis_aoh.tif","Phyllomys mantiqueirensis"
"387","Phyllomys thomasi_aoh","E:/data/AOH Data/Mammals_1km_AOH/Mammals/Phyllomys thomasi_aoh.tif","Phyllomys thomasi"
"388","Phyllomys unicolor_aoh","E:/data/AOH Data/Mammals_1km_AOH/Mammals/Phyllomys unicolor_aoh.tif","Phyllomys unicolor"
"389","Phyllonycteris aphylla_aoh","E:/data/AOH Data/Mammals_1km_AOH/Mammals/Phyllonycteris aphylla_aoh.tif","Phyllonycteris aphylla"
"390","Phyllotis bonariensis_aoh","E:/data/AOH Data/Mammals_1km_AOH/Mammals/Phyllotis bonariensis_aoh.tif","Phyllotis bonariensis"
"391","Phyllotis definitus_aoh","E:/data/AOH Data/Mammals_1km_AOH/Mammals/Phyllotis definitus_aoh.tif","Phyllotis definitus"
"392","Piliocolobus badius_aoh","E:/data/AOH Data/Mammals_1km_AOH/Mammals/Piliocolobus badius_aoh.tif","Piliocolobus badius"
"393","Piliocolobus epieni_aoh","E:/data/AOH Data/Mammals_1km_AOH/Mammals/Piliocolobus epieni_aoh.tif","Piliocolobus epieni"
"394","Piliocolobus temminckii_aoh","E:/data/AOH Data/Mammals_1km_AOH/Mammals/Piliocolobus temminckii_aoh.tif","Piliocolobus temminckii"
"395","Pipistrellus maderensis_aoh","E:/data/AOH Data/Mammals_1km_AOH/Mammals/Pipistrellus maderensis_aoh.tif","Pipistrellus maderensis"
"396","Plagiodontia aedium_aoh","E:/data/AOH Data/Mammals_1km_AOH/Mammals/Plagiodontia aedium_aoh.tif","Plagiodontia aedium"
"397","Platalina genovensium_aoh","E:/data/AOH Data/Mammals_1km_AOH/Mammals/Platalina genovensium_aoh.tif","Platalina genovensium"
"398","Platyrrhinus chocoensis_aoh","E:/data/AOH Data/Mammals_1km_AOH/Mammals/Platyrrhinus chocoensis_aoh.tif","Platyrrhinus chocoensis"
"399","Platyrrhinus ismaeli_aoh","E:/data/AOH Data/Mammals_1km_AOH/Mammals/Platyrrhinus ismaeli_aoh.tif","Platyrrhinus ismaeli"
"400","Platyrrhinus matapalensis_aoh","E:/data/AOH Data/Mammals_1km_AOH/Mammals/Platyrrhinus matapalensis_aoh.tif","Platyrrhinus matapalensis"
"401","Plecotus sardus_aoh","E:/data/AOH Data/Mammals_1km_AOH/Mammals/Plecotus sardus_aoh.tif","Plecotus sardus"
"402","Plecotus teneriffae_aoh","E:/data/AOH Data/Mammals_1km_AOH/Mammals/Plecotus teneriffae_aoh.tif","Plecotus teneriffae"
"403","Plecturocebus caquetensis_aoh","E:/data/AOH Data/Mammals_1km_AOH/Mammals/Plecturocebus caquetensis_aoh.tif","Plecturocebus caquetensis"
"404","Plecturocebus modestus_aoh","E:/data/AOH Data/Mammals_1km_AOH/Mammals/Plecturocebus modestus_aoh.tif","Plecturocebus modestus"
"405","Plecturocebus oenanthe_aoh","E:/data/AOH Data/Mammals_1km_AOH/Mammals/Plecturocebus oenanthe_aoh.tif","Plecturocebus oenanthe"
"406","Plecturocebus olallae_aoh","E:/data/AOH Data/Mammals_1km_AOH/Mammals/Plecturocebus olallae_aoh.tif","Plecturocebus olallae"
"407","Plecturocebus ornatus_aoh","E:/data/AOH Data/Mammals_1km_AOH/Mammals/Plecturocebus ornatus_aoh.tif","Plecturocebus ornatus"
"408","Podomys floridanus_aoh","E:/data/AOH Data/Mammals_1km_AOH/Mammals/Podomys floridanus_aoh.tif","Podomys floridanus"
"409","Podoxymys roraimae_aoh","E:/data/AOH Data/Mammals_1km_AOH/Mammals/Podoxymys roraimae_aoh.tif","Podoxymys roraimae"
"410","Poiana leightoni_aoh","E:/data/AOH Data/Mammals_1km_AOH/Mammals/Poiana leightoni_aoh.tif","Poiana leightoni"
"411","Procolobus verus_aoh","E:/data/AOH Data/Mammals_1km_AOH/Mammals/Procolobus verus_aoh.tif","Procolobus verus"
"412","Procyon pygmaeus_aoh","E:/data/AOH Data/Mammals_1km_AOH/Mammals/Procyon pygmaeus_aoh.tif","Procyon pygmaeus"
"413","Proechimys decumanus_aoh","E:/data/AOH Data/Mammals_1km_AOH/Mammals/Proechimys decumanus_aoh.tif","Proechimys decumanus"
"414","Protoxerus aubinnii_aoh","E:/data/AOH Data/Mammals_1km_AOH/Mammals/Protoxerus aubinnii_aoh.tif","Protoxerus aubinnii"
"415","Pteronotus paraguanensis_aoh","E:/data/AOH Data/Mammals_1km_AOH/Mammals/Pteronotus paraguanensis_aoh.tif","Pteronotus paraguanensis"
"416","Pteronura brasiliensis_aoh","E:/data/AOH Data/Mammals_1km_AOH/Mammals/Pteronura brasiliensis_aoh.tif","Pteronura brasiliensis"
"417","Pteropus samoensis_aoh","E:/data/AOH Data/Mammals_1km_AOH/Mammals/Pteropus samoensis_aoh.tif","Pteropus samoensis"
"418","Pudu puda_aoh","E:/data/AOH Data/Mammals_1km_AOH/Mammals/Pudu puda_aoh.tif","Pudu puda"
"419","Punomys kofordi_aoh","E:/data/AOH Data/Mammals_1km_AOH/Mammals/Punomys kofordi_aoh.tif","Punomys kofordi"
"420","Punomys lemminus_aoh","E:/data/AOH Data/Mammals_1km_AOH/Mammals/Punomys lemminus_aoh.tif","Punomys lemminus"
"421","Rangifer tarandus_aoh","E:/data/AOH Data/Mammals_1km_AOH/Mammals/Rangifer tarandus_aoh.tif","Rangifer tarandus"
"422","Reithrodontomys bakeri_aoh","E:/data/AOH Data/Mammals_1km_AOH/Mammals/Reithrodontomys bakeri_aoh.tif","Reithrodontomys bakeri"
"423","Reithrodontomys hirsutus_aoh","E:/data/AOH Data/Mammals_1km_AOH/Mammals/Reithrodontomys hirsutus_aoh.tif","Reithrodontomys hirsutus"
"424","Reithrodontomys raviventris_aoh","E:/data/AOH Data/Mammals_1km_AOH/Mammals/Reithrodontomys raviventris_aoh.tif","Reithrodontomys raviventris"
"425","Reithrodontomys spectabilis_aoh","E:/data/AOH Data/Mammals_1km_AOH/Mammals/Reithrodontomys spectabilis_aoh.tif","Reithrodontomys spectabilis"
"426","Reithrodontomys tenuirostris_aoh","E:/data/AOH Data/Mammals_1km_AOH/Mammals/Reithrodontomys tenuirostris_aoh.tif","Reithrodontomys tenuirostris"
"427","Rhagomys rufescens_aoh","E:/data/AOH Data/Mammals_1km_AOH/Mammals/Rhagomys rufescens_aoh.tif","Rhagomys rufescens"
"428","Rheomys mexicanus_aoh","E:/data/AOH Data/Mammals_1km_AOH/Mammals/Rheomys mexicanus_aoh.tif","Rheomys mexicanus"
"429","Rheomys thomasi_aoh","E:/data/AOH Data/Mammals_1km_AOH/Mammals/Rheomys thomasi_aoh.tif","Rheomys thomasi"
"430","Rhinolophus euryale_aoh","E:/data/AOH Data/Mammals_1km_AOH/Mammals/Rhinolophus euryale_aoh.tif","Rhinolophus euryale"
"431","Rhinolophus guineensis_aoh","E:/data/AOH Data/Mammals_1km_AOH/Mammals/Rhinolophus guineensis_aoh.tif","Rhinolophus guineensis"
"432","Rhinolophus hillorum_aoh","E:/data/AOH Data/Mammals_1km_AOH/Mammals/Rhinolophus hillorum_aoh.tif","Rhinolophus hillorum"
"433","Rhinolophus maclaudi_aoh","E:/data/AOH Data/Mammals_1km_AOH/Mammals/Rhinolophus maclaudi_aoh.tif","Rhinolophus maclaudi"
"434","Rhinolophus mehelyi_aoh","E:/data/AOH Data/Mammals_1km_AOH/Mammals/Rhinolophus mehelyi_aoh.tif","Rhinolophus mehelyi"
"435","Rhinolophus ziama_aoh","E:/data/AOH Data/Mammals_1km_AOH/Mammals/Rhinolophus ziama_aoh.tif","Rhinolophus ziama"
"436","Rhinophylla alethina_aoh","E:/data/AOH Data/Mammals_1km_AOH/Mammals/Rhinophylla alethina_aoh.tif","Rhinophylla alethina"
"437","Rhogeessa genowaysi_aoh","E:/data/AOH Data/Mammals_1km_AOH/Mammals/Rhogeessa genowaysi_aoh.tif","Rhogeessa genowaysi"
"438","Rhogeessa minutilla_aoh","E:/data/AOH Data/Mammals_1km_AOH/Mammals/Rhogeessa minutilla_aoh.tif","Rhogeessa minutilla"
"439","Rhogeessa mira_aoh","E:/data/AOH Data/Mammals_1km_AOH/Mammals/Rhogeessa mira_aoh.tif","Rhogeessa mira"
"440","Rhyncholestes raphanurus_aoh","E:/data/AOH Data/Mammals_1km_AOH/Mammals/Rhyncholestes raphanurus_aoh.tif","Rhyncholestes raphanurus"
"441","Romerolagus diazi_aoh","E:/data/AOH Data/Mammals_1km_AOH/Mammals/Romerolagus diazi_aoh.tif","Romerolagus diazi"
"442","Saccopteryx antioquensis_aoh","E:/data/AOH Data/Mammals_1km_AOH/Mammals/Saccopteryx antioquensis_aoh.tif","Saccopteryx antioquensis"
"443","Saguinus bicolor_aoh","E:/data/AOH Data/Mammals_1km_AOH/Mammals/Saguinus bicolor_aoh.tif","Saguinus bicolor"
"444","Saguinus leucopus_aoh","E:/data/AOH Data/Mammals_1km_AOH/Mammals/Saguinus leucopus_aoh.tif","Saguinus leucopus"
"445","Saguinus niger_aoh","E:/data/AOH Data/Mammals_1km_AOH/Mammals/Saguinus niger_aoh.tif","Saguinus niger"
"446","Saguinus oedipus_aoh","E:/data/AOH Data/Mammals_1km_AOH/Mammals/Saguinus oedipus_aoh.tif","Saguinus oedipus"
"447","Saguinus tripartitus_aoh","E:/data/AOH Data/Mammals_1km_AOH/Mammals/Saguinus tripartitus_aoh.tif","Saguinus tripartitus"
"448","Saimiri oerstedii_aoh","E:/data/AOH Data/Mammals_1km_AOH/Mammals/Saimiri oerstedii_aoh.tif","Saimiri oerstedii"
"449","Saimiri ustus_aoh","E:/data/AOH Data/Mammals_1km_AOH/Mammals/Saimiri ustus_aoh.tif","Saimiri ustus"
"450","Saimiri vanzolinii_aoh","E:/data/AOH Data/Mammals_1km_AOH/Mammals/Saimiri vanzolinii_aoh.tif","Saimiri vanzolinii"
"451","Santamartamys rufodorsalis_aoh","E:/data/AOH Data/Mammals_1km_AOH/Mammals/Santamartamys rufodorsalis_aoh.tif","Santamartamys rufodorsalis"
"452","Sapajus flavius_aoh","E:/data/AOH Data/Mammals_1km_AOH/Mammals/Sapajus flavius_aoh.tif","Sapajus flavius"
"453","Sapajus nigritus_aoh","E:/data/AOH Data/Mammals_1km_AOH/Mammals/Sapajus nigritus_aoh.tif","Sapajus nigritus"
"454","Sapajus robustus_aoh","E:/data/AOH Data/Mammals_1km_AOH/Mammals/Sapajus robustus_aoh.tif","Sapajus robustus"
"455","Sapajus xanthosternos_aoh","E:/data/AOH Data/Mammals_1km_AOH/Mammals/Sapajus xanthosternos_aoh.tif","Sapajus xanthosternos"
"456","Sciurus richmondi_aoh","E:/data/AOH Data/Mammals_1km_AOH/Mammals/Sciurus richmondi_aoh.tif","Sciurus richmondi"
"457","Scotonycteris ophiodon_aoh","E:/data/AOH Data/Mammals_1km_AOH/Mammals/Scotonycteris ophiodon_aoh.tif","Scotonycteris ophiodon"
"458","Sigmodon alleni_aoh","E:/data/AOH Data/Mammals_1km_AOH/Mammals/Sigmodon alleni_aoh.tif","Sigmodon alleni"
"459","Sigmodon inopinatus_aoh","E:/data/AOH Data/Mammals_1km_AOH/Mammals/Sigmodon inopinatus_aoh.tif","Sigmodon inopinatus"
"460","Smutsia gigantea_aoh","E:/data/AOH Data/Mammals_1km_AOH/Mammals/Smutsia gigantea_aoh.tif","Smutsia gigantea"
"461","Solenodon paradoxus_aoh","E:/data/AOH Data/Mammals_1km_AOH/Mammals/Solenodon paradoxus_aoh.tif","Solenodon paradoxus"
"462","Sorex alpinus_aoh","E:/data/AOH Data/Mammals_1km_AOH/Mammals/Sorex alpinus_aoh.tif","Sorex alpinus"
"463","Sorex macrodon_aoh","E:/data/AOH Data/Mammals_1km_AOH/Mammals/Sorex macrodon_aoh.tif","Sorex macrodon"
"464","Sorex milleri_aoh","E:/data/AOH Data/Mammals_1km_AOH/Mammals/Sorex milleri_aoh.tif","Sorex milleri"
"465","Sorex pribilofensis_aoh","E:/data/AOH Data/Mammals_1km_AOH/Mammals/Sorex pribilofensis_aoh.tif","Sorex pribilofensis"
"466","Sorex sclateri_aoh","E:/data/AOH Data/Mammals_1km_AOH/Mammals/Sorex sclateri_aoh.tif","Sorex sclateri"
"467","Sorex stizodon_aoh","E:/data/AOH Data/Mammals_1km_AOH/Mammals/Sorex stizodon_aoh.tif","Sorex stizodon"
"468","Speothos venaticus_aoh","E:/data/AOH Data/Mammals_1km_AOH/Mammals/Speothos venaticus_aoh.tif","Speothos venaticus"
"469","Spermophilus citellus_aoh","E:/data/AOH Data/Mammals_1km_AOH/Mammals/Spermophilus citellus_aoh.tif","Spermophilus citellus"
"470","Spilogale putorius_aoh","E:/data/AOH Data/Mammals_1km_AOH/Mammals/Spilogale putorius_aoh.tif","Spilogale putorius"
"471","Spilogale pygmaea_aoh","E:/data/AOH Data/Mammals_1km_AOH/Mammals/Spilogale pygmaea_aoh.tif","Spilogale pygmaea"
"472","Stenoderma rufum_aoh","E:/data/AOH Data/Mammals_1km_AOH/Mammals/Stenoderma rufum_aoh.tif","Stenoderma rufum"
"473","Sturnira nana_aoh","E:/data/AOH Data/Mammals_1km_AOH/Mammals/Sturnira nana_aoh.tif","Sturnira nana"
"474","Sylvilagus brasiliensis_aoh","E:/data/AOH Data/Mammals_1km_AOH/Mammals/Sylvilagus brasiliensis_aoh.tif","Sylvilagus brasiliensis"
"475","Sylvilagus cognatus_aoh","E:/data/AOH Data/Mammals_1km_AOH/Mammals/Sylvilagus cognatus_aoh.tif","Sylvilagus cognatus"
"476","Sylvilagus dicei_aoh","E:/data/AOH Data/Mammals_1km_AOH/Mammals/Sylvilagus dicei_aoh.tif","Sylvilagus dicei"
"477","Sylvilagus graysoni_aoh","E:/data/AOH Data/Mammals_1km_AOH/Mammals/Sylvilagus graysoni_aoh.tif","Sylvilagus graysoni"
"478","Sylvilagus mansuetus_aoh","E:/data/AOH Data/Mammals_1km_AOH/Mammals/Sylvilagus mansuetus_aoh.tif","Sylvilagus mansuetus"
"479","Sylvilagus obscurus_aoh","E:/data/AOH Data/Mammals_1km_AOH/Mammals/Sylvilagus obscurus_aoh.tif","Sylvilagus obscurus"
"480","Sylvilagus robustus_aoh","E:/data/AOH Data/Mammals_1km_AOH/Mammals/Sylvilagus robustus_aoh.tif","Sylvilagus robustus"
"481","Sylvilagus transitionalis_aoh","E:/data/AOH Data/Mammals_1km_AOH/Mammals/Sylvilagus transitionalis_aoh.tif","Sylvilagus transitionalis"
"482","Syncerus caffer_aoh","E:/data/AOH Data/Mammals_1km_AOH/Mammals/Syncerus caffer_aoh.tif","Syncerus caffer"
"483","Tamiasciurus mearnsi_aoh","E:/data/AOH Data/Mammals_1km_AOH/Mammals/Tamiasciurus mearnsi_aoh.tif","Tamiasciurus mearnsi"
"484","Tapirus bairdii_aoh","E:/data/AOH Data/Mammals_1km_AOH/Mammals/Tapirus bairdii_aoh.tif","Tapirus bairdii"
"485","Tapirus pinchaque_aoh","E:/data/AOH Data/Mammals_1km_AOH/Mammals/Tapirus pinchaque_aoh.tif","Tapirus pinchaque"
"486","Tapirus terrestris_aoh","E:/data/AOH Data/Mammals_1km_AOH/Mammals/Tapirus terrestris_aoh.tif","Tapirus terrestris"
"487","Tayassu pecari_aoh","E:/data/AOH Data/Mammals_1km_AOH/Mammals/Tayassu pecari_aoh.tif","Tayassu pecari"
"488","Thomasomys apeco_aoh","E:/data/AOH Data/Mammals_1km_AOH/Mammals/Thomasomys apeco_aoh.tif","Thomasomys apeco"
"489","Thomasomys bombycinus_aoh","E:/data/AOH Data/Mammals_1km_AOH/Mammals/Thomasomys bombycinus_aoh.tif","Thomasomys bombycinus"
"490","Thomasomys eleusis_aoh","E:/data/AOH Data/Mammals_1km_AOH/Mammals/Thomasomys eleusis_aoh.tif","Thomasomys eleusis"
"491","Thomasomys gracilis_aoh","E:/data/AOH Data/Mammals_1km_AOH/Mammals/Thomasomys gracilis_aoh.tif","Thomasomys gracilis"
"492","Thomasomys hudsoni_aoh","E:/data/AOH Data/Mammals_1km_AOH/Mammals/Thomasomys hudsoni_aoh.tif","Thomasomys hudsoni"
"493","Thomasomys hylophilus_aoh","E:/data/AOH Data/Mammals_1km_AOH/Mammals/Thomasomys hylophilus_aoh.tif","Thomasomys hylophilus"
"494","Thomasomys macrotis_aoh","E:/data/AOH Data/Mammals_1km_AOH/Mammals/Thomasomys macrotis_aoh.tif","Thomasomys macrotis"
"495","Thomasomys monochromos_aoh","E:/data/AOH Data/Mammals_1km_AOH/Mammals/Thomasomys monochromos_aoh.tif","Thomasomys monochromos"
"496","Thomasomys onkiro_aoh","E:/data/AOH Data/Mammals_1km_AOH/Mammals/Thomasomys onkiro_aoh.tif","Thomasomys onkiro"
"497","Thomasomys praetor_aoh","E:/data/AOH Data/Mammals_1km_AOH/Mammals/Thomasomys praetor_aoh.tif","Thomasomys praetor"
"498","Thomasomys pyrrhonotus_aoh","E:/data/AOH Data/Mammals_1km_AOH/Mammals/Thomasomys pyrrhonotus_aoh.tif","Thomasomys pyrrhonotus"
"499","Thomasomys rosalinda_aoh","E:/data/AOH Data/Mammals_1km_AOH/Mammals/Thomasomys rosalinda_aoh.tif","Thomasomys rosalinda"
"500","Thomasomys ucucha_aoh","E:/data/AOH Data/Mammals_1km_AOH/Mammals/Thomasomys ucucha_aoh.tif","Thomasomys ucucha"
"501","Thylamys fenestrae_aoh","E:/data/AOH Data/Mammals_1km_AOH/Mammals/Thylamys fenestrae_aoh.tif","Thylamys fenestrae"
"502","Thylamys karimii_aoh","E:/data/AOH Data/Mammals_1km_AOH/Mammals/Thylamys karimii_aoh.tif","Thylamys karimii"
"503","Thylamys macrurus_aoh","E:/data/AOH Data/Mammals_1km_AOH/Mammals/Thylamys macrurus_aoh.tif","Thylamys macrurus"
"504","Thylamys velutinus_aoh","E:/data/AOH Data/Mammals_1km_AOH/Mammals/Thylamys velutinus_aoh.tif","Thylamys velutinus"
"505","Tomopeas ravus_aoh","E:/data/AOH Data/Mammals_1km_AOH/Mammals/Tomopeas ravus_aoh.tif","Tomopeas ravus"
"506","Tragelaphus derbianus_aoh","E:/data/AOH Data/Mammals_1km_AOH/Mammals/Tragelaphus derbianus_aoh.tif","Tragelaphus derbianus"
"507","Tragelaphus eurycerus_aoh","E:/data/AOH Data/Mammals_1km_AOH/Mammals/Tragelaphus eurycerus_aoh.tif","Tragelaphus eurycerus"
"508","Tremarctos ornatus_aoh","E:/data/AOH Data/Mammals_1km_AOH/Mammals/Tremarctos ornatus_aoh.tif","Tremarctos ornatus"
"509","Trinomys eliasi_aoh","E:/data/AOH Data/Mammals_1km_AOH/Mammals/Trinomys eliasi_aoh.tif","Trinomys eliasi"
"510","Trinomys moojeni_aoh","E:/data/AOH Data/Mammals_1km_AOH/Mammals/Trinomys moojeni_aoh.tif","Trinomys moojeni"
"511","Trinomys yonenagae_aoh","E:/data/AOH Data/Mammals_1km_AOH/Mammals/Trinomys yonenagae_aoh.tif","Trinomys yonenagae"
"512","Tylomys bullaris_aoh","E:/data/AOH Data/Mammals_1km_AOH/Mammals/Tylomys bullaris_aoh.tif","Tylomys bullaris"
"513","Tylomys tumbalensis_aoh","E:/data/AOH Data/Mammals_1km_AOH/Mammals/Tylomys tumbalensis_aoh.tif","Tylomys tumbalensis"
"514","Tympanoctomys aureus_aoh","E:/data/AOH Data/Mammals_1km_AOH/Mammals/Tympanoctomys aureus_aoh.tif","Tympanoctomys aureus"
"515","Tympanoctomys barrerae_aoh","E:/data/AOH Data/Mammals_1km_AOH/Mammals/Tympanoctomys barrerae_aoh.tif","Tympanoctomys barrerae"
"516","Tympanoctomys loschalchalerosorum_aoh","E:/data/AOH Data/Mammals_1km_AOH/Mammals/Tympanoctomys loschalchalerosorum_aoh.tif","Tympanoctomys loschalchalerosorum"
"517","Urocitellus townsendii_aoh","E:/data/AOH Data/Mammals_1km_AOH/Mammals/Urocitellus townsendii_aoh.tif","Urocitellus townsendii"
"518","Urocitellus washingtoni_aoh","E:/data/AOH Data/Mammals_1km_AOH/Mammals/Urocitellus washingtoni_aoh.tif","Urocitellus washingtoni"
"519","Urocyon littoralis_aoh","E:/data/AOH Data/Mammals_1km_AOH/Mammals/Urocyon littoralis_aoh.tif","Urocyon littoralis"
"520","Ursus maritimus_aoh","E:/data/AOH Data/Mammals_1km_AOH/Mammals/Ursus maritimus_aoh.tif","Ursus maritimus"
"521","Vampyressa melissa_aoh","E:/data/AOH Data/Mammals_1km_AOH/Mammals/Vampyressa melissa_aoh.tif","Vampyressa melissa"
"522","Vampyrum spectrum_aoh","E:/data/AOH Data/Mammals_1km_AOH/Mammals/Vampyrum spectrum_aoh.tif","Vampyrum spectrum"
"523","Wilfredomys oenax_aoh","E:/data/AOH Data/Mammals_1km_AOH/Mammals/Wilfredomys oenax_aoh.tif","Wilfredomys oenax"
"524","Xenomys nelsoni_aoh","E:/data/AOH Data/Mammals_1km_AOH/Mammals/Xenomys nelsoni_aoh.tif","Xenomys nelsoni"
"525","Xerospermophilus mohavensis_aoh","E:/data/AOH Data/Mammals_1km_AOH/Mammals/Xerospermophilus mohavensis_aoh.tif","Xerospermophilus mohavensis"
"526","Xerospermophilus perotensis_aoh","E:/data/AOH Data/Mammals_1km_AOH/Mammals/Xerospermophilus perotensis_aoh.tif","Xerospermophilus perotensis"
"527","Zygogeomys trichopus_aoh","E:/data/AOH Data/Mammals_1km_AOH/Mammals/Zygogeomys trichopus_aoh.tif","Zygogeomys trichopus"
